gatobum1@mymail.nku.edu, potatofarm
huckfinn@gmail.com, drillingholes
david@gmail.com, rockslide
brenner88@gmail.com, niagrafalls
theking@gmail.com,mumsyisbest
runlikethewind@gmail.com,fakeemail
ruck@gmail.com,runlikethewind
fun@gmail.com,bye$#felicia
running@gmail.com,$2y$10$AruThPqiPkGirhjnXzmbO..fV8u4ZfQQmUwBkqWXusjwtVArDgnKC
fight@gmail.com,$2y$10$JT1lXTFlLdLI9YKOK2ZFlOZrTjwU82ev7SUZ.Fl79mF4sK0AQQ15i
harry@gmail.com,$2y$10$AuDPBJyFbDFGJzhxfTipr.atbe5l67cjLAM1FaX4tv0NfIT6TwSCy
john@gmail.com,$2y$10$zn9GVQCV2f2vOsqD/M6IEO4GY/7yT/BJoluJUmYlRNJqvHPGYy4uq
a@b.c,$2y$10$XDcIZNh0k/pwau6Pwne4SuHp44ZuSBUsHO2wWPvv8QYKFJ3RYTscW
asd@asd.com,$2y$10$94xrkl0r/493OhsMhqikrux41AbScoqeJwGypw9FkQSofkzGGf.Ai
runing@gmail.com,$2y$10$UQNm9ZxlMq.leF7u/YEfAuvTtJQ1EUI8kIZswO9CnRB8Ids9OCGg6
ethan@gmail.com,$2y$10$EMH4o33ukW/LatHlwWbWKO1ZYNm6RoMYpMSvsdwf5050pvKwXlskq
